id,query
1,Quick protein-packed breakfast ideas for busy mornings?
2,I need a high-protein American breakfast that takes under 5 minutes
3,What's the fastest way to make a protein-rich breakfast?
4,Got any super quick high-protein breakfast recipes?
5,"Need breakfast with lots of protein, something really fast"
6,Can you give me a 5-minute American breakfast with high protein?
7,Looking for a quick protein breakfast before my workout
8,I want to make a vegan Indian lunch today
9,Can you suggest some plant-based Indian lunch recipes?
10,What are some good vegan Indian dishes for lunch?
11,Looking for dairy-free Indian lunch options
12,Need a vegan Indian recipe for lunch meal prep
13,Show me how to make a traditional Indian vegan lunch
14,What's a satisfying vegan Indian lunch dish?
15,Quick Mexican snack with low salt content?
16,I need a healthy Mexican snack recipe that's low in sodium
17,What Mexican snacks can I make that are heart-healthy?
18,Looking for low-sodium Mexican appetizers I can make quickly
19,Need a quick Mexican bite without too much salt
20,Can you suggest a Mexican snack that's not too salty?
21,What's a fast Mexican snack recipe for someone watching sodium?
22,I want to spend time making an elaborate gluten-free Italian dessert
23,What's a traditional Italian dessert I can make gluten-free?
24,Looking for a special occasion gluten-free Italian sweet
25,Can you give me a complex Italian dessert recipe without gluten?
26,I have all afternoon to make a gluten-free Italian dessert
27,What's an authentic Italian dessert that can be made gluten-free?
28,Need a fancy gluten-free Italian dessert for dinner party
29,Quick keto dinner ideas that taste like comfort food?
30,I need a fast American dinner that's keto-friendly
31,What's a good low-carb American dinner I can make quickly?
32,Looking for easy keto American dinner recipes
33,Need a quick ketogenic dinner that feels like home cooking
34,Can you suggest a fast keto version of classic American dinner?
35,What American dinner can I make quickly on keto diet?
36,Light Indian breakfast that I can make in minutes?
37,What's a low-calorie Indian breakfast for busy mornings?
38,"I need a quick, healthy Indian breakfast option"
39,Looking for a light Indian breakfast under 300 calories
40,"Can you give me a fast, diet-friendly Indian breakfast?"
41,What's the quickest low-cal Indian breakfast I can make?
42,Need a speedy Indian breakfast that won't wreck my diet
43,I want to make an elaborate vegetarian Mexican lunch
44,What's a complex Mexican vegetarian dish for Sunday lunch?
45,Looking for a traditional Mexican lunch without meat
46,Can you give me a time-intensive vegetarian Mexican recipe?
47,I have hours to make an authentic vegetarian Mexican lunch
48,What's a special Mexican vegetarian lunch worth the effort?
49,Need a slow-cooked Mexican vegetarian lunch recipe
50,Italian snacks with lots of protein?
51,What are some protein-rich Italian appetizers?
52,I need Italian snack ideas that are high in protein
53,Looking for Italian finger foods with good protein content
54,Can you suggest Italian snacks for post-workout?
55,What Italian snacks will keep me full with protein?
56,Need high-protein Italian bites for afternoon snacking
57,Quick vegan dessert that tastes like classic American sweets?
58,I need a fast plant-based American dessert
59,What's a speedy vegan version of American desserts?
60,Looking for quick dairy-free American sweet treats
61,Can you give me a fast vegan American dessert recipe?
62,What American dessert can I make quickly without animal products?
63,Need a rapid vegan take on classic American desserts
64,Super fast gluten-free Indian dinner ideas?
65,I need a quick Indian dinner without wheat
66,What's the fastest gluten-free Indian meal I can make?
67,Looking for speedy Indian dinner that's celiac-safe
68,Can you give me a 5-minute gluten-free Indian dinner?
69,What Indian dinner can I make quickly without gluten?
70,Need urgent gluten-free Indian dinner recipe
71,Mexican keto breakfast ideas for the weekend?
72,I want a low-carb Mexican breakfast that's filling
73,What's a good ketogenic Mexican morning meal?
74,Looking for Mexican breakfast without the carbs
75,Can you give me a keto-friendly Mexican breakfast recipe?
76,Need a Mexican breakfast that fits my keto lifestyle
77,What Mexican breakfast works for someone avoiding carbs?
78,Quick Italian lunch with minimal salt?
79,I need a fast Italian lunch recipe that's heart-healthy
80,What's a speedy Italian lunch without too much sodium?
81,Looking for low-salt Italian lunch I can make quickly
82,Can you suggest a quick Italian lunch for low-sodium diet?
83,Need a fast Italian lunch that won't spike my blood pressure
84,What Italian lunch can I make quickly with less salt?
85,I want to spend time making an elaborate vegetarian American snack
86,What's a complex vegetarian version of classic American snacks?
87,Looking for a time-intensive vegetarian American appetizer
88,Can you give me a fancy plant-based American snack recipe?
89,I have all afternoon to make special vegetarian American treats
90,What's an impressive vegetarian American snack worth the effort?
91,Need a slow-prep vegetarian American snack for entertaining
92,Indian desserts with good protein content?
93,What are some protein-rich Indian sweets?
94,I want an Indian dessert that's also nutritious
95,Looking for Indian sweets with high protein
96,Can you suggest Indian desserts for post-workout?
97,What Indian dessert will satisfy my sweet tooth and protein needs?
98,Need Indian dessert recipes that aren't just sugar
99,Super fast low-calorie Mexican dinner ideas?
100,I need a quick Mexican dinner that won't wreck my diet
101,What's the fastest healthy Mexican meal I can make?
102,Looking for speedy low-cal Mexican dinner options
103,Can you give me a 5-minute Mexican dinner under 400 calories?
104,What Mexican dinner can I make quickly while dieting?
105,Need urgent low-calorie Mexican dinner recipe
106,I want to make an elaborate vegan Italian breakfast
107,What's a traditional Italian breakfast I can make plant-based?
108,"Looking for a slow, luxurious vegan Italian morning meal"
109,Can you give me a complex Italian breakfast without animal products?
110,I have time to make a special vegan Italian breakfast
111,What's an authentic Italian breakfast that can be made vegan?
112,Need a fancy plant-based Italian breakfast for weekend
113,Quick gluten-free American lunch ideas?
114,I need a fast American lunch without wheat
115,What's a speedy gluten-free version of classic American lunch?
116,Looking for quick American lunch that's celiac-safe
117,Can you give me a fast gluten-free American lunch recipe?
118,What American lunch can I make quickly without gluten?
119,Need a rapid gluten-free American lunch for work
120,Indian snacks that fit a keto diet?
121,What are some low-carb Indian appetizers?
122,I want Indian snack recipes without the carbs
123,Looking for ketogenic Indian finger foods
124,Can you suggest Indian snacks for someone on keto?
125,What Indian snacks work for low-carb lifestyle?
126,Need keto-friendly Indian snack ideas
127,Quick Mexican dessert with minimal salt?
128,I need a fast Mexican sweet that's low in sodium
129,What's a speedy Mexican dessert that's heart-healthy?
130,Looking for quick Mexican sweets without too much salt
131,Can you give me a fast low-sodium Mexican dessert?
132,What Mexican dessert can I make quickly on low-salt diet?
133,Need a rapid Mexican sweet treat that's sodium-conscious
134,Super fast vegetarian Italian dinner ideas?
135,I need a quick Italian dinner without meat
136,What's the fastest vegetarian Italian meal I can make?
137,Looking for speedy plant-based Italian dinner
138,Can you give me a 5-minute vegetarian Italian dinner?
139,What Italian dinner can I make quickly without meat?
140,Need urgent vegetarian Italian dinner recipe
